agent,dataset,state_source,cate_reward_weight,seed,n_test_rounds,estimator,value,ci_lower,ci_upper,n_samples,effective_sample_size,status,detail,warnings,resampling_unit,n_independent_units,bootstrap_method,n_bootstrap,confidence_level,propensity_source,q_model,evaluation_regime,n_distinct_contexts
Random,obd,gnn_embeddings,0.5,42,200000,snipw,0.0040752495784194915,0.0029143822812456826,0.005876892466298866,200000,1818.799745477384,ok,,,round,200000,percentile,100,0.95,logged,cross_fitted(k=5),single_log,345
Random,obd,gnn_embeddings,0.5,42,200000,dr,0.004057314827407222,0.0028898027053844396,0.0058224851632894615,200000,1818.799745477384,ok,,,round,200000,percentile,100,0.95,logged,cross_fitted(k=5),single_log,345
Random,obd,gnn_embeddings,0.5,42,200000,mrdr,0.004033705829542031,0.002686286506240028,0.005855088655729556,200000,1818.799745477384,ok,,,round,200000,percentile,100,0.95,logged,cross_fitted(k=5),single_log,345
LinUCB,obd,gnn_embeddings,0.5,42,200000,snipw,0.0,0.0,0.0,200000,3.0085433296103536,ok,,,round,200000,percentile,100,0.95,logged,cross_fitted(k=5),single_log,345
LinUCB,obd,gnn_embeddings,0.5,42,200000,dr,0.002824599158759281,-0.0015435188856771608,0.004605649970554478,200000,3.0085433296103536,ok,,,round,200000,percentile,100,0.95,logged,cross_fitted(k=5),single_log,345
LinUCB,obd,gnn_embeddings,0.5,42,200000,mrdr,0.0,0.0,0.0,200000,3.0085433296103536,ok,,,round,200000,percentile,100,0.95,logged,cross_fitted(k=5),single_log,345
NeuralUCB,obd,gnn_embeddings,0.5,42,200000,snipw,0.0,0.0,0.0,200000,39.151044250014614,ok,,,round,200000,percentile,100,0.95,logged,cross_fitted(k=5),single_log,345
NeuralUCB,obd,gnn_embeddings,0.5,42,200000,dr,-0.0005439395138461022,-0.002062214093727086,0.0008651514026745969,200000,39.151044250014614,ok,,,round,200000,percentile,100,0.95,logged,cross_fitted(k=5),single_log,345
NeuralUCB,obd,gnn_embeddings,0.5,42,200000,mrdr,0.0,0.0,0.0,200000,39.151044250014614,ok,,,round,200000,percentile,100,0.95,logged,cross_fitted(k=5),single_log,345
IQL,obd,gnn_embeddings,0.5,42,200000,snipw,0.005766914749546787,0.0050768769388650084,0.006447561619137059,200000,23753.23256907295,ok,,,round,200000,percentile,100,0.95,logged,cross_fitted(k=5),single_log,345
IQL,obd,gnn_embeddings,0.5,42,200000,dr,0.0057854510384394795,0.005104069053146366,0.006456164495121747,200000,23753.23256907295,ok,,,round,200000,percentile,100,0.95,logged,cross_fitted(k=5),single_log,345
IQL,obd,gnn_embeddings,0.5,42,200000,mrdr,0.0060120666309434675,0.0052950593447079015,0.0067258223519371906,200000,23753.23256907295,ok,,,round,200000,percentile,100,0.95,logged,cross_fitted(k=5),single_log,345
DQN,obd,gnn_embeddings,0.5,42,200000,snipw,0.012314484454638985,0.0,0.027284043068979923,200000,46.06149839714108,ok,,,round,200000,percentile,100,0.95,logged,cross_fitted(k=5),single_log,345
DQN,obd,gnn_embeddings,0.5,42,200000,dr,0.015001980524232537,-0.0010866472373998897,0.03597189500993047,200000,46.06149839714108,ok,,,round,200000,percentile,100,0.95,logged,cross_fitted(k=5),single_log,345
DQN,obd,gnn_embeddings,0.5,42,200000,mrdr,0.01166620333323182,-0.010162095686744114,0.03678245798547987,200000,46.06149839714108,ok,,,round,200000,percentile,100,0.95,logged,cross_fitted(k=5),single_log,345
CQL,obd,gnn_embeddings,0.5,42,200000,snipw,0.006307003728720241,0.005298033657349977,0.007483675667808241,200000,13255.504938157965,ok,,,round,200000,percentile,100,0.95,logged,cross_fitted(k=5),single_log,345
CQL,obd,gnn_embeddings,0.5,42,200000,dr,0.006264613740195715,0.005325695162597795,0.0074101748542954,200000,13255.504938157965,ok,,,round,200000,percentile,100,0.95,logged,cross_fitted(k=5),single_log,345
CQL,obd,gnn_embeddings,0.5,42,200000,mrdr,0.006167001768694499,0.005192752488908361,0.007318323106462816,200000,13255.504938157965,ok,,,round,200000,percentile,100,0.95,logged,cross_fitted(k=5),single_log,345
BCQ,obd,gnn_embeddings,0.5,42,200000,snipw,3.584672401437545e-05,0.0,0.0001171095145092468,200000,96.78797726915396,ok,,,round,200000,percentile,100,0.95,logged,cross_fitted(k=5),single_log,345
BCQ,obd,gnn_embeddings,0.5,42,200000,dr,0.000619176424315894,-0.00022965744133151138,0.0014494701858613376,200000,96.78797726915396,ok,,,round,200000,percentile,100,0.95,logged,cross_fitted(k=5),single_log,345
BCQ,obd,gnn_embeddings,0.5,42,200000,mrdr,3.729059034285716e-05,5.64341863198565e-07,0.0001244155771678636,200000,96.78797726915396,ok,,,round,200000,percentile,100,0.95,logged,cross_fitted(k=5),single_log,345
